3092c0b297aacfb4bb6e056ebe13b9b8,7402,aruja,SP
c004e5ea15737026cecaee0447e00b75,2035,sao paulo,SP
8629a7efec1aab257e58cda559f03ba7,74223,goiania,GO
1c56ffe0e9dea2657fc6e95b53f40b13,13575,sao carlos,SP
74a9b9bddf14ece02beb81f52c41a88d,1156,sao paulo,SP
1cbd32d00d01bb8087a5eb088612fd9c,3363,sp / sp,SP
850857dfac77488c307e2b1cbd84ab5a,85802,cascavel,PR
e0a366315b1b726b6c7832d664c0f530,2258,sao paulo,SP
4049512728d969bec69f84088b012416,30310,belo horizonte,MG
120476eb7a04c149d14772edaf5d9bf2,23954,angra dos reis,RJ
cd6efc47efaabf134f8bdb654e10b4f1,23050,rio de janeiro,RJ
2a7c6c0b0d5efde2bf75ec1e1cec2d41,87015,maringa,PR
4e17c65a516f69d023a2ae78b84f28d6,8673,suzano,SP
a8739afb32aaa45e01815ca76f76f54b,9850,sao bernardo do campo,SP
d4828feed4cda2cd9d6b37899a95a71e,63020,juzeiro do norte,CE
e3d3b3efac954a60d61be70b7e05b49b,3370,sao paulo,SP
d558ebe531605a1285ab2b1bc3256dfb,35501,divinopolis,MG
c7a0a13cbcf29d5ce51c8f80afdc0b89,89170,laurentino,SC
33ac3e28642ab8bda860a2f693000e78,6717,cotia,SP
8936ba0de1073ee888cb3185ae5dc661,3372,sao paulo,SP
18a349e75d307f4b4cc646a691ed4216,1319,sao paulo,SP
a72c2f59332659e361d647515c698798,95270,flores da cunha,RS
b55638ad525e906c698fa2ce742c1742,88780,imbituba,SC
be9a160a9011f627c3e121d076c1ec7b,89256,jaragua do sul,SC
ed859002ad59dbf8cf3602696a6c3000,86035,londrina,PR
12b9676b00f60f3b700e83af21824c0e,95780,montenegro,RS
ef2fbc2b607d8492bcffe657a4645434,20051,rio de janeiro,RJ
a080fc8a850289b27500f6b49cca2553,3382,sao paulo,SP
9c57bc60cfad5ee62d35d3f1ce4593a1,81200,curitiba,PR
9539213aa8e023c01937bef95dc006da,3673,sao paulo,SP
69a43819c758c65a5befb0b471c954d7,86802,apucarana,PR
8fdca8e349553f99bc738833a62c8802,2189,sao paulo,SP
0bb27263628258b8111a0262769fa9db,3077,sao paulo,SP
08061dc0fc165ed41288cc7acde738ee,6036,osasco,SP
4ebdc7e6cd6102a022dadc49156d4ea8,5030,sao paulo,SP
f918546be4bec7104d117789ba758b2b,5634,sao paulo,SP
eb4a59a06b3948e851a7d7a830bcbc42,41820,salvador,BA
80146bc52c4f6af5239b23de2a20262b,6753,taboao da serra,SP
4091f77d8c768fc3e81c20761471761d,3059,sao paulo,SP
0dfbed20065e425d2eaefb101f9816c0,13660,porto ferreira,SP
26bad72add1f86e08a776ce4ffdaf1ca,14470,pedregulho,SP
e174dc2de86d60fee178170a154c05e7,9210,santo andre,SP
612170e34b97004b3ba37eae81836b4c,93542,novo hamburgo,RS
2a84855fd20af891be03bc5924d2b453,30111,belo horizonte,MG
cf2384dd2f1dddea3f838efed0945e65,13930,serra negra,SP
377bc18334c78dd2f1535ef22a3ad225,83015,sao jose dos pinhais,PR
439a47cc365d6e3bd526812ea9de3c29,8730,mogi das cruzes,SP
6ba4733aa33f6386e9fb0c0fd3993b38,95560,torres,RS
4b39558c138930b9e5489c93b6df5fe3,49055,aracaju,SE
4b9750c8ad28220fe6702d4ecb7c898f,13484,limeira,SP
278b6e0b20c4f61fefaa0577943d7a35,88316,itajai,SC
ba8e85df286308fe68a2ce83a8f8b2d6,88135,santa catarina,SC
2059c39f76271d4ca3f15b5ffaccc8b8,81930,curitiba,PR
5a05a16bb50629ee31afab8a6d4c2674,95076,caxias do sul,RS
edb65fe661681b1c0de8bd47c8655855,8111,sao paulo,SP
8cbac7e12637ed9cffa18c7875207478,89254,jaragua do sul,SC
fdb9095204a334cd8872252ffec6f2db,3331,sao paulo,SP
0cab2da43793a6f3c5ed8514c5f54627,80060,curitiba,PR
5b97c06a046398e7005b2b7c0d707a92,38770,joao pinheiro,MG
aae3bfea055532c57fb453ed3ec80b30,9271,santo andre,SP
866558b3bccef2dbc6d29a2b5995016f,86706,arapongas,PR
cb5df0dcb9e280b1780e9d589889f2c7,15115,bady bassitt,SP
9bcdfa7b615b3abb9461d9e3ad9886ae,89053,blumenau,SC
271c58a1d139c45eaf3316107c6d3a3b,3632,sao paulo,SP
2dee2ce60de9709b1a24083217181a1f,78552,sinop,MT
a154d7316f158bb42e6fa18bbe3afd3a,3804,sao paulo,SP
f84fa566034f5e8e880a07ec624c56af,13330,indaiatuba,SP
4c1c7281388a33dd06daac44f9fadbd1,17510,marilia,SP
2063dd1b9f568df1c16741ea7d3e6adb,85065,guarapuava,PR
9cea4682e16655f7da87f406902e989e,83707,araucaria,PR
b1ac6ea7895bc3dd6f0f6f4abbdd2821,92030,canoas,RS
851773c885feb5e2da3b4f82bc2b17ce,18683,lencois paulista,SP
0ff83046c3fa22efee8ecf291888b191,95110,caxias do sul,RS
2b2fed75b8e5ea3a052fc4c0825da485,36015,juiz de fora,MG
9f50216bfd01913736a55a11b55ea842,12020,taubate,SP
2d518637f53161b973e01f56ea4bb88e,2992,sao paulo,SP
aafe36600ce604f205b86b5084d3d767,88115,sao jose,SC
efff9341f3f8f5237b44ff67ed36a7bf,29090,vitoria,ES
a7d0f8dd44f57ef6de7f7f02e3d82630,3225,sao paulo,SP
5b07547f10dd980738a1a27f685af669,7013,guarulhos,SP
a99504ac23ed125aaf5302af6cc30af9,14300,batatais,SP
5882820ef11c4c068eea0677a7a879b4,95082,caxias do sul,RS
7357b52d27cbaa90f81a96cbc1279396,33400,lagoa santa,MG
180c3376aff0e43dd5788709df48a843,9911,sao paulo,SP
b4b447d715f9ab302a188fb43d3e96b3,4711,sao paulo,SP
5e25c632f9db6cfb8bc100421c2737b6,89801,chapeco,SC
f4c4daa86e30c7e5a553a8d518ac03a5,85801,cascavel,PR
398cb257329ef7af7f1943a8974a3cbc,40285,salvador,BA
4003520d80d0bad1d5623f7aa3c63cda,20520,rio de janeiro,RJ
3289d8c3eef4873f91ce0b1343c0dd58,11701,praia grande,SP
b0f2a6122a90a93eb03e68653dd960e3,80710,curitiba,PR
6c1b6d0c604b776f844125f911eb7377,5051,sao paulo,SP
c4af86330efa7a2620772227d2d670c9,8840,mogi das cruzes,SP
a888faf2d1baececa6baf9c3d603ee1f,87502,umuarama,PR
681fce914360217db47784ae28905a96,83709,araucaria,PR
31be790e64fc99f8ff48ec2bd18a3104,9690,sao bernardo do campo,SP
7b3447b497e55af8c15fc7bd89d7b81a,8225,sao paulo,SP
e560e4022d8f7aebf155db95946c5c0f,31110,belo horizonte,MG
2f9b7ce230a057a98a9f5df5893ee36c,6460,barueri,SP
41b39e28db005d9731d9d485a83b4c38,9220,santo andre,SP
809413606dbfe5deefd2db646693ef67,4602,sao paulo,SP
609e1a9a6c2539919b8205cf7c4e6ff0,88359,brusque,SC
c3e2398fcc7e581cda2e546557bf6968,4781,sao paulo,SP
740205fedfe4e90ca6857bc77db0f2b4,95055,caxias do sul,SP
c79151301b9d90985d1fa52879213105,87083,maringa,PR
3e46a38ee171c503c3b4a3f23fe3bf0c,18040,sorocaba,SP
3d4b1ae7539303b5704493798893e82c,3244,sao paulo,SP
bdf0d02d36a1d839d0c39c4a887cdd49,16200,birigui,SP
65a7c0788e4d632ccb5e1b594b87f0bb,5782,sao paulo,SP
d7f1cfc638473be93baedbfd02208016,26112,belford roxo,RJ
001cca7ae9ae17fb1caed9dfb1094831,29156,cariacica,ES
7f35f9daf223da737b78738fbae4d977,13272,valinhos,SP
2eb70248d66e0e3ef83659f71b244378,13101,campinas,SP
6061155addc1e54b4cfb51c1c2a32ad8,13043,campinas,SP
8b87cd0d43d49b9bdf40f56229364d59,4111,sao paulo,SP
52a50b42accf164f9f019941e5759d9b,13820,monte alegre do sul,SP
c6bda72e4dbf5c5866b13cb1810c6d03,3087,sao paulo,SP
270572bb714b00531be85e16e1550f26,9370,maua,SP
16bdc8cefd0e32a6f0824d296c5ad14a,12903,sp,SP
4a82c4af97ffc0fb2dc26bfdc03b1842,35590,lagoa da prata,MG
3985a3c45be355a4c57fde108bfabd1c,95690,rolante,RS
07e8e8fc5222bb358e6f259da3197074,4216,sao paulo,SP
cd06602b43d8800bd0afad514919d35c,4119,sao paulo,SP
8f0fbe2cd4d472157dc1cdef6edecaa9,2755,sao paulo,SP
f44b6f775a2b390380e0e30b5c9d3eee,3057,sao paulo,SP
365e4bce19bda0082c3d15d83fdb8bcd,9570,sao caetano do sul,SP
2e0dba2da448400b1c11d7b4b22f32a4,9070,santo andre,SP
e882b2a25a10b9c057cc49695f222c19,25963,teresopolis,RJ
734def04b237117a09321dd6d8f3f2a2,13604,araras,SP
28c7d8743fbc8679f484868cc0fcaefb,18480,itaporanga,SP
9baf5cb77970f539089d09a38bcec5c3,13330,indaiatuba,SP
e3dd723429d1b23614b7fa85e2c7a853,9810,sao bernardo do campo,SP
f4a04f7be452aa3bb31760bf00055dd0,9010,santo andre,SP
dbc22125167c298ef99da25668e1011f,37564,borda da mata,MG
bc302730ea8cf49b5c74f579febb5bbf,13015,campinas,SP
e64ddbe1cbcf4f2fc3092b7c481f3f9d,3513,sao paulo,SP
56e361f411e38dcef17cdc2a3d99628b,7113,guarulhos,SP
048c2757535328e0d7dac690ad3c0aae,14406,franca,SP
bdb3edbaee43a761e2d4f258dc08f348,18680,lencois paulista,SP
b127efdabeffb5d559349c7b172eb75d,4308,sao paulo,SP
951e8cef368f09bb3f3d03c00ca4702c,14940,ibitinga,SP
33d677f27a69b84051204ee4ae76eaca,89218,joinville,SC
b88e7c57cb2d8b973b7dd4a2bfa14b36,81350,curitiba,PR
1967a9e2ad6f51802b093147d861df58,1209,sao paulo,SP
9da15f4a4ea758d9eeb49000dbe57e22,6290,osasco,SP
d91fb3b7d041e83b64a00a3edfb37e4f,11704,praia grande,SP
749e7cdabbaf72f16677859e27874ba5,7122,guarulhos,SP
3d5d0dc7073a299e31fa718ce1bc00b6,22785,rio de janeiro,RJ
688756f717c462a206ad854c5027a64a,7094,guarulhos,SP
56a8b450e802502ba53a9885ee38e29f,9895,sao bernardo do campo,SP
9b00ed88b7fdb95d6ff76e27c1b52d16,8215,sao paulo,SP
4be6b962d83299498bae2190f95d6566,13561,sao carlos,SP
c13fb473e7cb8b83ccd543c094df0608,5319,sao paulo,SP
17998cf586426bf0f2c3726cb0a4b211,30710,belo horizonte,MG
c88f62b4c386a59281014d677864d016,86707,arapongas,PR
c864036feaab8c1659f65ea4faebe1da,83605,campo largo,PR
8d899e15a5925f097cca50faa49b15e3,18131,sao roque,SP
79565f7d5603b24ddf07ade262547f2f,14804,araraquara,SP
ba143b05f0110f0dc71ad71b4466ce92,2274,sao paulo,SP
4e0d109ccfba9a1151c103049880c857,25550,sao joao de meriti,RJ
89dda63a3c907c468ec88c310ed91213,9380,maua/sao paulo,SP
c522be04e020c1e7b79f3acff36513d5,6501,santana de parnaiba,SP
5f5b43b2bffa8656e4bc6efeb13cc649,4880,sao paulo,SP
87f3e35268860433e13d577825aada95,12955,bom jesus dos perdoes,SP
c5e60e39c0f42b8e827daa13cff74afa,3449,sao paulo,SP
bca9230d3bbb4efa51872bf605a2f1ad,4296,sao paulo,SP
4bc3d93e4a5f88a598d3d8ce4ae510b3,4564,sao paulo,SP
6e864f5c4669eff3d98140a07cc50202,5639,sao paulo,SP
7bcd7c5f8631701474db233ccf1c094b,2047,sao paulo,SP
8b2d4ab22f42c5cfc338b846decfda60,83820,fazenda rio grande,PR
d9bd94811c3338dceb4181f3dbc0c73e,4186,sao paulo,SP
e70053bf73d1b5863932e53a9fa47496,5059,sao paulo,SP
dbd66278cbfe1aa1000f90a217ca4695,5588,sao paulo,SP
e7d5b006eb624f13074497221eb37807,9291,santo andre,SP
6c9875b2f94ba781186f0c1aed8d1687,17380,brotas,SP
d63f306de130e0391d38a792541723b8,3236,sao paulo,SP
2f74af7a0ee5636f12c2336f9fffed47,2376,sao paulo,SP
c7fdb77fdbff3c41981bc52f787e959e,9111,santo andre,SP
04fdea0c111866e6cf812f1570d6b5bd,8411,sao paulo,SP
63b464dbf392c7b80d12d932fa7cafed,2034,sao paulo,SP
747c1cdcd1737dcfbd1547f6eb6f2cf3,14940,ibitinga,SP
2b402d5dc42554061f8ea98d1916f148,44900,irece,BA
9c068d10aca38e85c50202e17b4a7e88,79400,coxim,MS
7c67e1448b00f6e969d365cea6b010ab,8577,itaquaquecetuba,SP
9ef932e837d8b7f392c0bfee9d359dc2,14940,ibitinga,SP
d8bf0fc082fd4a77fc2e5679b6c00133,3184,sao paulo,SP
66dc1b1632bd6a3e508510c5b3492107,17210,jau,SP
a7ecf689b40a44361e259b28939023e4,29102,vila velha,ES
939e6227d6964a11a70aa91243e418f2,36408,conselheiro lafaiete,MG
db1f0f7c7e5e87f40b62226f020bb297,83322,pinhais,PR
91f0eec23d4a61d7d7caeefa3f0ad1ca,88704,tubarao,SC
edf3fabebcc20f7463cc9c53da932ea8,8320,sao paulo,SP
b335c59ab742f751a85db9c411a86739,38442,araguari,MG
c24173065483e421f9e5e7f599de101d,3548,sao paulo,SP
01fdefa7697d26ad920e9e0346d4bd1b,86050,londrina,PR
d9e8c084b68fe958861d8f2c21202e6b,5528,sao paulo,SP
466222e777149751370e7e98fb623b0c,20931,rio de janeiro,RJ
43f8c9950d11ecd03a0304a49e010da6,6341,carapicuiba,SP
4450bd8327d471c4a11a83d1445b1b62,6714,cotia,SP
257e61d3251fb5efb9daadddbc2cf7ca,86804,apucarana,PR
5d76d80a2f5f39c891b996a1bf4c9853,5727,sao paulo,SP
e5def42655b7490edac5a56fe8e9e603,13900,amparo,SP
091065b789659bc3cd9af9cb3a6253ff,92120,canoas,RS
c74f14c1e26cf1bd5bd34b6a1e274426,89900,sao miguel do oeste,SC
c26a2be5b53b7db6b276280da212a779,28630,nova friburgo,RJ
cfa5ab0e4d3fc212fd0b3410e7081c62,36500,uba,MG
19d62d484cba71963c93f0f00ab42013,89114,gaspar,SC
6750d71153f00fc58829af2a8ef1bcf1,28800,rio bonito,RJ
c60b801f2d52c7f7f91de00870882a75,7174,guarulhos,SP
b57e8460909fa137df7951b4a3b5ea84,90640,porto alegre,RS
eeb6de78f79159600292e314a77cbd18,88501,lages,SC
abe021b01ba992245271b9aa422032df,80420,curitiba,PR
5305693ffae2d3463377b1f6fe67b15a,16300,penapolis,SP
f049a72cf58fd31b11f8919cade515e7,1023,sao paulo,SP
e51f22821f0c12a16ad5c020cdcd55e9,6341,carapicuiba,SP
a2a41aedb70551d4a85aa04dc2fced48,4447,sao paulo,SP
4bf2f4ee540798a61f9636d12cd9cc80,19814,assis,SP
c0e0b73d039eb9a99b6ce4cb7a429cd3,89170,laurentino,SC
19484c79cef6c062cb177aa4ef2fcc3c,13275,valinhos,SP
25e6ffe976bd75618accfe16cefcbd0d,5503,sao paulo,SP
9dda5bbacd45e18d6485fee649205d09,37540,santa rita do sapucai,MG
2528744c5ef5d955adc318720a94d2e7,13202,jundiai,SP
b8d890108a7a80e4f5d59eea9f362438,81110,curitiba,PR
2c9005d8043aff18b8557ffb7b13cda4,29304,cachoeiro de itapemirim,ES
062c325cd6a2b87845fab56b4ec2eeae,8150,sao paulo,SP
1d8dbc4f32378d715c717c1c1fc57bae,86706,arapongas,PR
fc906263ca5083d09dce42fe02247800,31030,belo horizonte,MG
1d2732ef8321502ee8488e8bed1ab8cd,20031,rio de janeiro,RJ
626ab1cd96932367f0eeec2e47046c12,5048,sao paulo,SP
a70e9066dbfd10b6b97a3f54a1356762,86975,mandaguari,PR
ce69a8021d18961dd2a40269b7c2c293,81070,curitiba,PR
9596c870880d900012f2e8e6e30d06d7,37074,varginha,MG
4b98b0428fc1932cc2514ef9ce2505e6,6795,taboao da serra,SP
1da366cade6d8276e7d8beea7af5d4bf,36500,uba,MG
a3082f442524a1be452e3189e003b361,81560,curitiba,SP
a56a8043ebf66e42119618fb8cf232c6,89219,joinville,SC
184725737946a1a938bbbd1a9e978103,9370,maua,SP
3820c6537b3853be1a0687d5a60807ec,6717,cotia,SP
244b04680fdbded0acf5aebd9c92b44a,13211,jundiai,SP
e96498ed8daaa3e9c23f7a62da76591c,5373,sao paulo,SP
5741dc2bf5044c34d0698681c5081bed,12226,sao jose dos campos,SP
ad781527c93d00d89a11eecd9dcad7c1,15015,sao jose do rio preto,SP
b5e3e38609125694d2ea2417522a60b7,88020,florianopolis,SC
bacb1f0ed56ad24198f5810d2b3fe9a5,12328,jacarei,SP
980640c45d7a4635885491d077167e4d,13501,rio claro,SP
ae45ad30c2d2e5913094769690a239d2,14405,franca,SP
2cb98e27ce1c18abdb42209b34c382a7,14085,ribeirao preto,SP
2156f2671501a81034d7d07f217609d0,4776,sp,SP
de0c78824586e9a5f5f04fd84e25df39,6730,vargem grande paulista,SP
128639473a139ac0f3e5f5ade55873a5,87050,maringa,PR
0791d9fc1e30678ecf03d3e55fa108d3,30775,belo horizonte,MG
7a241947449cc45dbfda4f9d0798d9d0,37590,jacutinga,MG
cfd7ddab722b902f7ac5b5f3ba6d723d,32372,contagem,MG
0e72c1a751b496722a6cb1f10653b62a,6280,sao paulo,SP
7e1fb0a3ebfb01ffb3a7dae98bf3238d,14403,franca,SP
376a891762bbdecbc02b4b6adec3fdda,74323,goiania,GO
90b36c5aeb728d5504a39f435bef0c5f,13835,conchal,SP
e76ecc7e9a1a1e3c6df9d2a8261c423d,30140,belo horizonte,MG
1dfe5347016252a7884b694d4f10f5c4,14940,ibitinga,SP
528bcf6680c36dddf07620bd35b33a6f,3178,sao paulo,SP
f114dca2828bf718548db175ebe2cfcd,86192,cambe,PR
33dd941c27854f7625b968cc6195a552,29107,vila velha,ES
579891617139df7d8671d373f0669622,20061,rio de janeiro,RJ
48985c61529077fa4f1e38bcff0f2ed3,90020,porto alegre,RS
25c5c91f63607446a97b143d2d535d31,35680,itauna,MG
f205b1a3ca9a34e0f8a228bae6e4c7b3,94965,cachoeirinha,RS
d2374cbcbb3ca4ab1086534108cc3ab7,14940,ibitinga,SP
ef728fa1f17436c91ed1ccd03dcf9631,17201,jau,SP
1eade46fba20122dc4aefb379f8c636b,2066,sao paulo,SP
b9de031b671cd48b28fae9d828cbf2b4,4283,sao paulo,SP
6f835fd4be26989b1b064399da346143,81280,curitiba,PR
c9a06ece156bb057372c68718ec8909b,73020,brasilia,DF
6b2612338467c08c9b25f0cc55b1578d,86990,marialva,PR
40d54b51e962dbe09cabbcfd33298dee,9230,santo andre,SP
70c27847eca8195c983ed7e798c56743,20930,rio de janeiro,RJ
b98b715fe9e276204e2a3464f48cd796,3827,sao paulo,SP
0b1ca3ef18a63d7eb0c8897fa0849c08,18131,sao roque,SP
37ceb404da208418c9032f0674e57804,4615,sao paulo,SP
05d2173d43ea568aa0540eba70d2ca76,37135,alfenas,MG
661ad5fcc28cdfb8bcadb12bb2272475,88330,balneario camboriu,SC
999f6d9a1c7c81f43be44c6b7d076210,5269,sao paulo,SP
101a3a003516bc11253298b2fad3cb65,13503,rio claro,SP
b839e41795b7f3ad94cc2014a52f6796,9541,sao caetano do sul,SP
a20d8058c866dbaeca014d2cd20ac62e,12209,sao jose dos campos,SP
6824a69c9ea0313eba299dd4a2dba09a,35570,formiga,MG
058cb5aeb36d7c0fcae20fc85d5e0a59,21635,rio de janeiro,RJ
48efc9d94a9834137efd9ea76b065a38,81130,curitiba,PR
218f991754f360af9c2daa5e0b8e990c,1123,sao paulo,SP
5dc4bdaf869e8c77c648078cbe8d59c2,88035,florianopolis,SC
9261d76c62caaf0b24677c2ceb7f8f20,88138,palhoca,SC
a3b0df0065e264a91b7bbf5f844af5cd,9721,sao bernardo do capo,SP
37dd29b36c458d82f74a953c40c43645,13480,limeira,SP
077c5fae4bea9500e3737b16f71b9d3a,18052,sorocaba,SP
0dd184061fb0eaa7ca37932c68ab91c5,7031,guarulhos,SP
5b35136197710e16ac5e7b7c2bd4ea85,22640,rio de janeiro,RJ
60562ab00b8054280520d390c8c0045c,4809,sao paulo,SP
1d29dfba02015238dfbe2449a5eaa361,36576,vicosa,MG
ad273c9eb54ecb4532de4bf75bae9e4e,80420,curitiba,PR
7813ea3ebd9411dc600b4dd01f7a97b9,6018,osasco,SP
559d56f3b8f0bc2e5a9a62fe2ce2a39f,89220,joinville,SC
57df9869a600bd6b7c405f2a862eccfb,37540,santa rita do sapucai,MG
777a0c55737f34ffeb78010f7542ab41,1541,sao paulo,SP
2aa3443d7bf9d9bb11133f420d75e083,22713,rio de janeiro,RJ
c3867b4666c7d76867627c2f7fb22e21,14580,guara,SP
0bae85eb84b9fb3bd773911e89288d54,88301,itajai,SP
35fb511489d9ee3ee27a76debce9df06,86061,londrina,PR
df91910b6a03bb2e3358fa6a35e32f6f,9560,sao paulo,SP
7e3dde9ffba72d5340f9aaf09b4424be,86185,cambe,PR
dbdd0ec73a4817971d962698f2fea022,60710,fortaleza,CE
8ff38bc3969e67c36c48343a07090f66,8260,sao paulo,SP
6e1862e15f33d9994bc25922a85e1efc,13505,rio claro,SP
058fd0aa2bfdb2274e05e1ae971dabb6,9020,santo andre,SP
f615fe7efbef0f4f08fd3086bc7a3e60,12940,atibaia,SP
aa1eb17b9fdf6dfd546e25c45c7b9235,4794,sao paulo,SP
07bf9669d84d1f11be443a9dd938f698,4761,sao paulo,SP
08633c14ef2db992c11f840f04fad4cd,9416,ribeirao pires,SP
b0398568231ba5e6734af1881671a317,29704,colatina,ES
f419677537694f0462a91990df6ca44f,9750,sao bernardo do campo,SP
e88c9b79e592e370d6bd852eeefbf057,85501,pato branco,PR
70bf57d811208f8923b41bbd499a67a4,7866,franco da rocha,SP
8c0de775f52fe41590b376a3b7c50f68,13178,sumare,SP
7a91bf945c6fae0779f1c61ce97fe45c,26562,mesquita,RJ
6dc9bec584588412a6a338830946a3e4,3270,sao paulo,SP
b19c48688808720822399ffa9f2dbe2f,4801,sao paulo,SP
5b8154610ebb21fb90eb587365e673df,12246,sao jose dos campos,SP
bb2afe2061d53c6968aa0cffa233a8ec,4307,sao paulo,SP
1cbdc7cf130a41fd13a3c2a7d2fcfda7,37480,lambari,MG
fb89df7f89fd1b8f03fa2acca1ba7364,85853,foz do iguacu,PR
b18871c324516afa228a13e8f1ef0ae9,4186,sao paulo,SP
17ca9b9e9b9ef8fdb529001b49ebb50f,32677,betim,MG
3f0e48d209018b466fcd3bb4ccfeb520,80215,curitiba,PR
9add47bf45ce8e8c7db6b9cf670b1e09,83830,fazenda rio grande,PR
acce39e832338debb07b02385cde5967,32110,contagem,MG
397c4d0c005b6f41f90098ac724e28cb,9182,santo andre,SP
b2c97074649f92197d9387d9033dda5f,18604,botucatu,SP
f262cbc1c910c83959f849465454ddd3,3564,sao paulo,SP
c113b8df1fc375bc3d73d29c1b1144d1,8021,sao paulo,SP
bd65d163ded559eb90a10cd09fec178f,3526,sao paulo,SP
720e6cf846ea7572cbb66b743fb91e6c,8717,mogi das cruzes / sp,SP
8f580d36c1e9d6fbce95283403c7d447,14090,ribeirao preto,SP
be7a093e5b4d147b36b72bb1f9e415e5,85900,toledo,PR
cb4a705d00e100b9732d0ca34817d441,88032,florianopolis,SC
f266295f49a28eee21f413e0cbb0521d,84020,ponta grossa,PR
31eec405c9bb71dec8e2629a92e764fa,29300,cachoeiro de itapemirim,ES
6235903333ba7de1928c869e268e5964,89650,treze tilias,SC
c360e4787614ed31ac7a2f95d3b22dc6,18681,lencois paulista,SP
1e47d8b6546eb3a77b1acddcc9406242,13015,campinas,SP
cf1313c6e2c01c2f4b014f97db4bcd2b,22050,rio de janeiro \rio de janeiro,RJ
14ee35374a7876217954b5fa08e50463,15015,sao jose do rio preto,SP
8fe8786ee000001ab51d030dfd4a7bf1,88490,paulo lopes,SC
e72b4feb7abe210c52aa667abc25a3a2,3122,sao paulo,SP
373ee4a3a775a733770ca3f790b8b9ac,22793,rio de janeiro,RJ
432c37c9dfba871172ec162e20118b8c,70235,brasilia,DF
daf565f087a52def0fd5c5825b3661bc,88350,brusque,SC
ea3ebea5317b0efbc663ecc8ce5e9bc2,88036,florianopolis,SC
1fe61aa5494bd3ae92a2c13e067c810f,89540,santa cecilia,SC
e9511df20ccd82658a30c37b7fb343af,17026,bauru,SP
4c8545742faaf58fafd5fd14d25d75cf,15603,fernandopolis,SP
27a56ff04b34c2ba34ce6ba4d3b9d616,13033,campinas,SP
888faa8bfb0b159c37de6d898b961c31,88750,braco do norte,SC
0aa2205ca24f113f4658a5c536667426,4281,sao paulo,SP
432c67955c0acd1fd6b0b5d678766a71,5571,sao paulo,SP
d8c7ba53e7e38711eaef8c2849d6d2e1,87120,floresta,PR
8a43128d7f9a3db592b866e6861a6cce,8080,sao paulo,SP
7cb946b1ad19faebe28c3e86c2794ec3,35701,sete lagoas,MG
6338ea67c41078a46ad99cc009654956,95170,farroupilha,RS
6c12e40690c335dbc2f68a4134d30dc1,84178,castro,PR
65febd49fd28ec955651299159b1f527,3275,sao paulo,SP
9a84ba99f5367fdbd4598363496f1ea2,72801,luziania,GO
954e95f20808d7e5d11f0de292d078e0,35930,joao monlevade,MG
fb503a924a0b9db19d83dd0ac6dbef8c,96020,pelotas,RS
4ba52dfeba874da5b9ee7b17c7494f04,8790,mogi das cruzes,SP
5b581417df4480f632484ba681e53944,88050,florianopolis,SC
d0d70d21e2234dd7cd3cf63fe414148a,58865,sao bento,PB
c7c7b2682c648339a0e9846bb1023a39,12916,braganca paulista,SP
06e5eefc71ec47ae763c5c6f8db7064f,91350,porto alegre,RS
28ea411b354f14b1a494be4e79f0ce02,5685,sao paulo,SP
2a6fbeaa7ab9e5d59a35841a8da71ce4,89259,jaragua do sul,SC
77fccaae319668a8ab6cd0fd16aec48c,28035,campos dos goytacazes,RJ
3fadb4cba4c35bce6a7eaf9872d5623a,95013,caxias do sul,RS
1987cd4be10fe09ee50454f9c354d1c6,37570,ouro fino,MG
aae5e7b457a3c72ee230a47d98fceda5,83040,sao jose dos pinhas,PR
2d22fc3089eb907b29ebff50581fb472,27972,macae,RJ
ff1fb4c404b2efe68b03350a8dc24122,8710,mogi das cruzes,SP
817f85dbb65aa3e70831d90fe75cdf89,18530,tiete,SP
2b5ed0c9139dae8883a200dfcb272ece,4087,sao paulo,SP
86bf77bdb52e615674772d5817c6212f,94410,viamao,RS
9b1585752613ec342d03bbab9997ec48,22745,rio de janeiro,RJ
9b00cad94ef3078faf6fba2e792c158f,39442,janauba,MG
6860153b69cc696d5dcfe1cdaaafcf62,13360,capivari,SP
903037660cf848a717166eb7a06d616e,5734,sao paulo,SP
f08c008c8a8d31417763738a1788a2a8,85875,santa terezinha de itaipu,PR
bf3c6d2a28b2b5501e6c15448982dcc9,4180,sao paulo,SP
e99e927c81e3f51739c94fcdfca9f10f,38400,uberlandia,MG
49cdc90518a4f82676b38b3c1aa43ff6,3031,sao paulo,SP
066a6914e1ebf3ea95a216c73a986b91,85863,foz do iguacu,PR
3cfa1358a6caa965278721344c8d76f2,9831,sao bernardo do campo,SP
6d66611d7c44cc30ce351abc49a68421,4378,sao paulo,SP
e48cc16ab70bfa09e1401740dce0b3d7,16022,aracatuba,SP
da20530872245d6cd9d2f5725613c430,95650,igrejinha,RS
3d8fa2f5b647373c8620330c4e077a9f,3031,sao paulo,SP
57d2ba47f7a3209aa347532ae75c1165,89287,sao bento do sul,SC
76d5af76d0271110f9af36c92573f765,3194,sao paulo,SP
729f06993dac8e860d4f02d7088ca48a,13481,limeira,SP
9e9b539eb2806acee3f5c28085c1db9f,32315,contagem,MG
fa18c782a4866d313cadab567097f8f1,31535,belo horizonte,MG
b77a27b1864483e721dc831d5ba4afa0,25251,duque de caxias,RJ
41c9d3997dd3c072c31139dc5bb5761f,38182,araxa,MG
700f03c207639c22d933381ff60b35c2,14784,barretos,SP
762fafdaa57a532ee0119731697579dd,13311,itu,SP
50770d25768b0486d89be26afca3108f,9271,santo andre,SP
b3b17aab11f273023a5f22ca52e1eb70,86065,londrina,PR
b19f3ca2ea475913750f25a5c37c8d8f,35501,divinopolis,MG
6179a28a13a726c29b3bf54c070dccab,37048,varginha,MG
cc419e0650a3c5ba77189a1882b7556a,9015,santo andre,SP
0df3984f9dfb3d49ac6366acbd3bbb85,32604,betim,MG
7008613ea464bad5cb9b83456e1e6a8f,89460,canoinhas,SC
7f152321c60a266edc53af1925ef96c1,88801,criciuma,SC
c4fb51fb1c5b7c07bc5e67be6e7e8f6e,80060,curitiba,PR
52ac6f920b7280e4c6d30dd94de6259b,83321,pinhais,PR
7d7d2b7a51328016102d4528c411d630,14940,ibitinga,SP
9e94fa26a70ede4d26226e918e8706a2,13570,sao carlos,SP
eddd1991bd6d9309995a480c39b95137,84010,ponta grossa,PR
994f04b3718c2bab35c2adfa8afecd2a,13912,jaguariuna,SP
3f3486b61f45078d4f31ee5e43d8c5bb,3035,sao paulo,SP
5db42a6cd9bf1bf0d3aab9582767f168,29010,vitoria,ES
a06c8ff043abea0528ee44171e2140a2,35501,divinopolis,MG
6b3bd31ad8fcda4b2635ec9f3ff2ecdf,22775,rio de janeiro,RJ
977f9f63dd360c2a32ece2f93ad6d306,14910,tabatinga,SP
2c43fb513632d29b3b58df74816f1b06,30421,belo horizonte,MG
910a922b426b7ff95eaee129ad6c0e1f,15025,sao jose do rio preto,SP
d9442042130b7fe579d1295f9f4a248f,3550,sao paulo,SP
da2782c804606d2a5d8e1760dbb3e7ec,2022,sao paulo,SP
ce248b21cb2adc36282ede306b7660e5,89251,jaragua do sul,SC
5b0cc932433fa5184b5b94bfe6bcc256,14940,ibitinga,SP
7ff588a03c2aeae4fbd23f9ae64b760d,7183,guarulhos,SP
08cdbae123ff67ca4e36d9d641ce0119,36504,uba,MG
77dcbb67ccb3659bd58eaf5661560a30,95900,lajeado,RS
7ad32824caee82087b3e2e5f33b1bf32,14940,ibitinga,SP
de722cd6dad950a92b7d4f82673f8833,51250,recife,PE
70849ca4f400aaabb62cb7462a6f1428,31210,belo horizonte,MG
b16d3dadc47d4eb18be3d88bad0775ce,93608,estancia velha,RS
5c3460cd3e8a984382ae254e7dd20d9f,15085,sao jose do rio preto,SP
22c32ec35d0116ef02c281798a25bf8b,87043,maringa,PR
8d46553a36e68f95350a200c12f8f2e2,13056,campinas,SP
45ba18c210d42734ec52c0c1c574e9ee,18130,sao roque,SP
10cdd491d1dbea8fb4ead97b19c334ce,37540,santa rita do sapucai,MG
dc317f341ab0e22f39acbd9dbf9b4a1f,94910,cachoeirinha,RS
fe9d9cf8631285d5982c6e2cf27fb114,36200,barbacena/ minas gerais,MG
d93844a9c55ba7ce353388bcf849ea56,82320,curitiba,PR
52b53f7061969fe471d119b6195da864,88301,itajai,SP
1b8356dabde1d35e17cef975c3f82730,3477,sao paulo,SP
43402bdf22aa2310e8f99e2f94f78628,9434,ribeirao pires,SP
c4b911d06343b21dd906651f8101cb49,17560,vera cruz,SP
f44bdc12aa39f5271f0b95f66cd4c289,12914,braganca paulista,SP
9bf11dfc0bec77e5a23028043c3c5a8f,32140,contagem,MG
13f57c12a00ed4610db646b913a7f5c6,11015,santos,SP
54c04bdb5ec46762f8f08c7e8f86ed4a,88037,florianopolis,SC
b5dd7151a92ccaaa282cbe9681a05f44,14020,ribeirao preto,SP
447d377bdb757058acb569025ee18a93,99500,carazinho,RS
52562a9f449c3dc3d53f5f5b9ed74903,59152,parnamirim,RN
2a73cba571d90c694b7caca072ccf6ce,9560,sao caetano do sul,SP
3d2400ac620cffa23ac81bd192f7f555,9810,sao bernardo do campo,SP
968268a686aa05d1f529fb07dff08130,1530,sao paulo,SP
7c462184585ae80bd6e5774c62ce50f2,13086,campinas,SP
3ea00e1dea2b0659dbaf654735929220,80020,curitiba,PR
54965bbe3e4f07ae045b90b0b8541f52,85851,foz do iguacu,PR
4965a7002cca77301c82d3f91b82e1a9,18074,sorocaba,SP
2d8cfba3fcd3170555941605edaa196a,6080,osasco,SP
6039e27294dc75811c0d8a39069f52c0,6162,osasco,SP
b45d7ebfb7378630f1bcd74b6ff86ff7,30285,belo horizonte,MG
e2a1ac9bf33e5549a2a4f834e70df2f8,1210,sao paulo,SP
bc07d855eac23aab5ac8a120f21d16b2,8710,mogi das cruzes,SP
3492e68f37fd1df87f4f2f2ea247f445,13322,salto,SP
93bef6edaa84956e8e575016449b6351,3568,sao paulo,SP
05ff92fedb5be47920fea08e501238b9,98803,santo angelo,RS
68f86ba270525243e68ae74044f992b9,21941,rio de janeiro,RJ
aeb36d67f1414f234d42a29e27cf1f17,9060,santo andre,SP
916c9de0b5ad957346eeeb12f332687e,80240,curitiba,PR
c68fb906c8f4b4b946d8386bfa6e5467,14870,jaboticabal,SP
53d00c40e32aeb924a84ce72b1af869d,14940,ibitinga,SP
93dc87703c046b603023e75222018b45,30315,belo horizonte,MG
10076e5788b8ee532724bcd460baf762,14315,batatais,SP
804287717b9156fb7a787acd9af4fac1,87030,maringa,PR
4dc646b9b9e8e411ef48ba000ea3ac6f,13272,valinhos,SP
e9c6969d40e6a3d2d0f90013165c2b98,3448,sao paulo,SP
bd0a1b0aadca9a83d9304f7e8ff5fbd5,1212,sao paulo,SP
340636a908b13bbe0f4fb63fbe1d0c03,12240,sao jose dos campos,SP
cf654707ed6a99f112c7ec3d6f314b8b,4615,sao paulo,SP
01c97ebb5cdac52891c0ed1c37ba0012,15804,catanduva,SP
f0b47fbbc6dee9aafe415a6e33051b3f,9360,maua,SP
bd149ed516d4c5d418d5781f8e18919f,7241,guarulhos,SP
3dbbce181edfaa4a597ec858c382d2ec,82515,curitiba,PR
06532f10282704ef4c69168b914b77be,87140,paincandu,PR
1127b7f2594683f2510f1c2c834a486b,13087,campinas,SP
cd52a8efd71af3336b14b5039b951cc1,88136,palhoca,SP
79ed755314cfe6df0daef2c6cd3022cd,13503,rio claro,SP
2c9e548be18521d1c43cde1c582c6de8,8752,mogi das cruzes,SP
bc47d5d1490df2b36add65d733eafaba,9163,santo andre,SP
7caa63f175b1cecbfaadd8b5ab9998c7,2750,sao paulo,SP
de66a66f2dd06bb9ec37aa96987466a3,20910,rio de janeiro,RJ
fec6275253471ace26d209bbaa64cd0f,28605,nova friburgo,RJ
c31eff8334d6b3047ed34bebd4d62c36,13322,salto,SP
c87abc38c8ed3240861729e1aeadf221,5713,sao paulo,SP
07a9bc7f61396b658ddf3ac534efe44c,2925,sao paulo,SP
822166ed1e47908f7cfb49946d03c726,25803,tres rios,RJ
a45314082d50d578a4721c9787ce09ab,15130,mirassol,SP
98e164d549402270247f3c96a1a158ef,5083,sao paulo,SP
59bbc819b99a733f02f0d6b49d1c253d,13043,campinas,SP
2e3be8a987a30d7544dbbda6861cc14e,30620,belo horizonte,MG
b6c6854d4d92a5f6f46be8869da3fa1a,1042,sao paulo,SP
f1b93673502375d491780bb49d615dbc,12228,sao jose dos campos,SP
bbd3acfe6de99892e73940d3fdceaf68,9111,santo andre,SP
b3f19518fcec265b2e97af287725f981,15170,tanabi,SP
b2ba3715d723d245138f291a6fe42594,3470,sao paulo,SP
b410bdd36d5db7a65dcd42b7ead933b8,74645,goiania,GO
31344c16881c08a8a72c6d2eb29918c1,36500,uba,MG
4e42581f08e8cfc7c090f930bac4552a,13660,portoferreira,SP
9a208dee8f95cfdf00760c4d627828ec,26125,belford roxo,RJ
d58d521f3789def2e7a22715e0badd93,3643,sao paulo,SP
0aea4c6ae1505b3228ddf3dd7822ee5b,18080,sorocaba,SP
b3809b8d4394588a47c8470ea331e135,4810,sao paulo,SP
fcb5ace8bcc92f75707dc0f01a27d269,7032,guarulhos,SP
6a0cbc8af2e8abd1bdfb777943d174c6,14312,batatais,SP
1b0b0f4f95e962d6f32fe90c759d0479,2737,sao paulo,SP
70126eecc6aa1274392a1743866e9678,6449,barueri,SP
cb0b3bcf14e0a709df412a99424a59d7,4255,sao paulo,SP
8931a84a914b3fe9b1ddaa4d704947ca,8410,sao paulo,SP
7681ef142fd2c19048da7430856b5588,7074,guarulhos,SP
3771c85bac139d2344864ede5d9341e3,18087,sorocaba,SP
7ddcbb64b5bc1ef36ca8c151f6ec77df,4403,sao paulo,SP
02b72cdeb9cfcc429f1af6f4e3f3b737,14940,ibitinga,SP
3481aa57cd91f9f9d3fa1fa12d9a3bf7,13360,capivari,SP
a218df5c097b0ca409cfaac1488cc7f6,14806,araraquara,SP
bd0389da23d89b726abf911cccc54596,71691,brasilia,DF
af3ef48d0e13835e529c29ac573c63e5,14802,araraquara,SP
855668e0971d4dfd7bef1b6a4133b41b,13257,itatiba,SP
77e4abfd739aed9c46480f90f81c0eb4,70767,brasilia,DF
bac44fa8e13424950488659b5f765c41,4534,sao paulo,SP
863d2ebcd347ce4922de7a0f9a5581d6,21041,rio de janeiro,RJ
1c68394e931a64f90ea236c5ea590300,87114,sarandi,PR
95b293867b5862941c9cd74f756a3c68,8223,sao paulo,SP
e62b2d6ac10570a035a30bafcf01d263,5767,sao paulo,SP
f63d8f293af3a6454377546bd9dd19ff,18110,votorantim,SP
7a425d299613df3e613bcf9d2eaf5c49,22790,rio de janeiro,RJ
6bb0724edf0b62fb91ac404873a97241,6700,cotia,SP
112453736dbe3889cfb74e1aaa0ba0c1,3520,sao paulo,SP
f593898ec748b7a8cb81fc04edafd98a,13920,pedreira,SP
96f7c797de9ca20efbe14545bed63eec,14140,cravinhos,SP
77530e9772f57a62c906e1c21538ab82,80310,curitiba,PR
297d5eccd19fa9a83b2630071ff105e4,80710,curitiba,PR
191d55f7edb8524d525ed01b20fe32e8,73020,brasilia,DF
ff69aa92bb6b1bf9b8b7a51c2ed9cf8b,8140,sao paulo,SP
5733d806668f8712c24b9abaefbfa642,89803,chapeco,SP
65b081a070633e057c462abdd6fb9dd8,75650,morrinhos,GO
edf96ef93ed595084bbcbd9224bd2894,1545,sao paulo,SP
6a8b085f816a1f75f92dbac6eb545f8f,14709,bebedouro,SP
f3295428338a40977a03f555246a70f4,29032,vitoria,ES
75fbb52eda0cbc24f479d3b2fbfa8d3e,74560,goiania,GO
e5d4b2b0c3bca22085f7a19a28de0c42,89201,joinville,SC
6187a137b2af59dfdbad8d9f8c373c14,6268,osasco,SP
062ce95fa2ad4dfaedfc79260130565f,95913,lajeado,RS
c200c73f9d7e5a08ca439d6a0803da7c,83507,almirante tamandare,PR
2ee0a0689f2f6a72f35a7cb6033f6e7e,19025,presidente prudente,SP
a08692680c77d30a0b4280da5df01c5a,4719,sao paulo,SP
dd533b429f380718b70ad9922c294bae,14781,barretos,SP
582d4f8675b945722eda7c0cb61ba4c7,11250,bertioga,SP
74636e24f01da9268b0ed88dacd8513e,2941,sao paulo,SP
09bad886111255c5b5030314fc7f1a4a,1022,sao paulo,SP
94144541854e298c2d976cb893b81343,94451,viamao,RS
bf84056e679dbe9c69929847a40e338f,2537,sao paulo,SP
21c62b998a043ebe31161d38f84929fc,60110,fortaleza,CE
02d35243ea2e497335cd0f076b45675d,59077,natal,RN
1c129092bf23f28a5930387c980c0dfc,2972,sao paulo,SP
a1040efe9ff4a6f93c28b0499eada8f5,13210,jundiai,SP
2d9e8987a2ea5cf88dce330249043ff1,15155,jaci,SP
fdf736c18c589ed030e058312203e1b2,37704,pocos de caldas,MG
e433f5fd4050e3352b5d83522b7fe24b,86702,arapongas,PR
b01c2b7b8599b325103ebcddc67413e1,95800,venancio aires,RS
bb5d956dece964a06c12bceb66b923ae,20930,rio de janeiro,RJ
3afc536624bc2e65bddfb5db33cc01f3,30150,belo horizonte,MG
8090490573c6c0aa343a7231ebcb8c86,4130,sao paulo - sp,SP
26d6bbee02420494d471c9f6436929c0,81530,curitiba,PR
602044f2c16190c2c6e45eb35c2e21cb,14940,ibitinga,SP
b347677812ea483b0f528eaf8cbc09b7,82540,curitiba,PR
d94ba08b99bedd6a5f6c875ecc4a6fac,86800,apucarana,PR
880ce4951cf857ab1d9e0b75c1d856f4,31255,belo horizont,MG
b499c00f28f4b7069ff6550af8c1348a,13481,limeira,SP
7a2d2949aea47fab95fd98d6c9f618b1,81350,curitiba,PR
fad44952713764836814be105382aee5,21340,rio de janeiro,RJ
f1ed6bd0a9b11b581f16c851c6a5a527,90240,porto alegre,RS
624f4ece8da4aafb77699233d480f8ef,5138,sao paulo,SP
95e03ca3d4146e4011985981aeb959b9,21210,rio de janeiro,RJ
1771297ac436903d1dd6b0e9279aa505,7025,guarulhos,SP
1d503743d2526f03f0c2c89540ee008c,1035,sao paulo,SP
fc5a0d7a310a7a41abf86a458585ff2b,3655,sao paulo,SP
e1bed63d68ac36fe1f3061befe196af5,13848,mogi guacu,SP
73da1880b39c71de2b262bc7720c1494,13560,sao carlos,SP
df560393f3a51e74553ab94004ba5c87,87900,loanda,PR
253f95b3a0e6983ae18aed49fbc2b845,4141,sao paulo,SP
834f3294fba9f932f56edc879193f925,14808,araraquara,SP
6c177e38df6d3f34182b1f1d427231bf,80430,curitiba,PR
08d0949a9a17c027262db1f3c450c26c,85804,cascavel,PR
11fb6f6d341adbe19e81733701704635,4133,sao paulo,SP
04843805947f0fc584fc1969b6e50fe7,93900,ivoti,RS
e3b4998c7a498169dc7bce44e6bb6277,3635,sao paulo,SP
a37c340b91cb0169e8b029db6440fba2,4424,sao paulo,SP
e628d4a53c109f09ca88098338b3a3f5,30170,belo horizonte,MG
381c83fdca332ea6afd896da20bf6e4a,80010,curitiba,PR
6fd52c528dcb38be2eea044946b811f8,8180,sao paulo,SP
189ca3538ce9f920cacf0f982cbe223b,3589,sao paulo,SP
20cb7c2fde3e5bf10f0bbe7394e1c6a9,86385,andira-pr,PR
7e79d65b5c6f1f544b7daea036acf720,9572,sao caetano do sul,SP
fd435faa3c0422b60440ea3480d0e77c,58073,joao pessoa,PB
6bef34c5be6f2bbd70aa5165f6df94b1,89120,timbo,SC
ae9690c6e8fee182c28c9ff8e11ca52c,4361,sao paulo,SP
f7720c4fa8e3aba4546301ab80ea1f1b,81350,curitiba,PR
5bba18b40e8c973b0f32e748004775b0,15840,itajobi,SP
7b7f91e98f8c6def45a1407923304402,6154,osasco,SP
4c2b230173bb36f9b240f2b8ac11786e,3933,sao paulo,SP
a23266650e7c84bb93fbbba502137478,90220,porto alegre,RS
d2df77822373f19934e87694d8640767,86706,arapongas,PR
8fbd63429be6d3e5e6d1a709b6464802,9130,santo andre,SP
ac6417315ae5da8f9a38ee11de6f7780,7400,aruja,SP
81336a0f57a33776419727a300249e90,13560,sao carlos,SP
02f623a8eb246f3c5f7c2f96462654e6,18611,botucatu,SP
56db5c0782e8f7ddc9343f9576ff6d16,88132,palhoca,SC
29fe9f200d3fa0c668d2aa1ec7e08dfb,88330,balneario camboriu,SC
271b8923c6a549e02d3c9fd1f8c0422b,11704,praia grande,SP
4e06067cc08b3f41d837768d392c3ee3,32604,betim,MG
ec933281fb017b5020d06df29c3f77e8,3820,sao paulo,SP
49e7217cfe4e427191c378ec626d8737,35570,formiga,MG
34f563c82a85b99ae9e6d60db5fc2e28,93700,campo bom,RS
4ddeb3e828550cddc8d45c8bc36ab2d1,1131,sao paulo,SP
90d4125885ab6c86e8820a722be71974,6780,taboao da serra,SP
3a734b715d333a2588a3d54a0c9b8746,6132,osasco,SP
f5b84683a9bf9e1df748cf40f601b39c,1127,sao paulo,SP
392e0502231ae2f8b29994ef6398cd77,18760,cerqueira cesar,SP
5d0363b33554b373851fc1622e4d5f3c,12952,atibaia,SP
6e85dc5ecd97a61094b89b046a509d8e,15845,marapoama,SP
417a1e6c7321084d2a0ae0d023cfad93,95885,imigrante,RS
013900e863eace745d3ec7614cab5b1a,80740,curitiba,PR
c157bdeedcbc9a8e3c8bf0d87ff24428,18120,mairinque,SP
fa3a0b5aabb344b9a92e3524b0202123,83020,sao jose dos pinhais,SP
88cf19ec1fc2c58f161aee259d57142c,13570,sao carlos,SP
c13ef0cfbe42f190780f621ce81f2234,1207,sao paulo sp,SP
fc908879b9ca1bd65419e54e50432d38,4558,sao paulo,SP
c679fb69a36e1d8349e8c50a217b4d58,95020,caxias do sul,RS
17a053fcb14bd219540cbde0df490be0,13843,mogi guacu,SP
2d34636518ba88f5349b732fcf8ba2e4,1039,sao paulo,SP
d79e8478eed9999493990b44955fb22e,20081,rio de janeiro / rio de janeiro,RJ
458d868c9642f55f18f04e951a3fdde6,90670,porto alegre,RS
41b14765bd56c8ad10971074380f9c0c,9070,santo andre,SP
e439f7176d763f92de325271111b2fd5,89219,joinville,SC
7f2617c58d5d06806987308b45654351,4571,sao paulo,SP
cac63f48c38cd7d002a7e846dcd99a23,13170,sumare,SP
04ee0ec01589969663ba5967c0e0bdc0,95910,lajeado,RS
f00e21b1e91a79653163b7fd8f293ff1,37795,andradas,SP
9140ef75cc8211c4035935e80e567204,87015,maringa,PR
79a679c36c08d606b3fd47ead9de109b,2611,sao paulo,SP
cc5a78bbad32776dc4e3af205218368c,35501,divinopolis,MG
6eeed17989b0ae47c9f11ece6f38ea90,4123,sao paulo,SP
b5f0712d22a873b6797ab6cc65c3fcba,2316,sao paulo,SP
3f9c56764fabca627406093dcb3ef0b4,22745,rio de janeiro,RJ
efb628aa07c8ca93d7db0d85b91a4f5a,26230,nova iguacu,RJ
4e922959ae960d389249c378d1c939f5,12327,jacarei,SP
47648caee88ccfe951fbb27fbf7b4cbe,9931,diadema,SP
ca4b77513ac2040591b0d8fae6958380,9190,sando andre,SP
7957cac1a02f45d0a4a7e45626382ec2,80320,curitiba,PR
4cc4fd4fdd406a85bbdc1f824b731bd7,85906,toledo,PR
b8630e1121437d41cb08e3c749c2c2e2,25070,duque de caxias,RJ
cfe94489ddd337d1e29e12f2a7205d10,3178,sao paulo,SP
9cf787a239c1aa29dbd76f153dc13f9a,14403,franca,SP
2a50b7ee5aebecc6fd0ff9784a4747d6,72580,brasilia,DF
d297f1055de2956aedfd3b04113dce3e,13382,nova odessa,SP
2c3d56f92f360fb89d849b84e8f50eae,6420,barueri,SP
3442033154be05bac582e173ef54fd12,5413,sao paulo,SP
78744a20ee2f80ba64f6804c25def2b8,50751,recife,PE
c990d6cf976a5718aaedc539f383ab88,13145,paulinia,SP
94e93ce877be27a515118dbfd2c2be41,15502,votuporanga,SP
b566ab0ef88016e00422755e305103c6,37640,extrema,MG
d9cb0052a666de5308b32f32ad5f1b1c,15400,olimpia,SP
a89e143d5211473ae18db9577ee34b64,13486,limeira,SP
1f2eebc0e970fd3c463e4f5d9652687a,1311,sao paulo,SP
941554c5757b73ba0e50aa7732310afc,4142,sao paulo,SP
8581055ce74af1daba164fdbd55a40de,7112,guarulhos,SP
a9ae440659f48b7849df83e82734150b,9015,santo andre,SP
c963a25b8671419c6ce9eebe8fd03218,23943,angra dos reis rj,RJ
9485a23c0430ba1d58d359391606fce6,9015,santo andre,SP
0951a6e282947e09cd47969f4ed0b47f,6763,taboao da serra,SP
52f0fe436a347ddad7ed5f9aa4e27eaa,1129,sao paulo,SP
9c7fd21e0aa159b20da593371f08ff7c,6180,osasco,SP
c33847515fa6305ce6feb1e818569f13,88359,brusque,SC
8b8cfc8305aa441e4239358c9f6f2485,86020,londrina,PR
2c00c85d30361cd2ced2969cffbbffa3,31160,belo horizonte,MG
d4e4b5192cba4e0e66eb12a9d347239d,85904,toledo,PR
ade45994b717ccee333492330fbf037b,87505,umuarama,PR
bb5bd94c8f59cc050072d2930c869cac,5008,sao paulo,SP
b05b432bf68945d4d9783f9e3ca29ee8,16200,birigui,SP
2a7dc43cecabf23403078e2188437d1d,4142,sao paulo,SP
578fa3a9cb6b6dceab39231ad59cdaca,60025,fortaleza,CE
615c3462099ffa940d37b17dfda19594,24855,rio de janeiro,RJ
a3f0b55de503387383c7b1de3ad7f678,82400,curitiba,PR
6d7f8d9d594e28796b6b3205b00f459c,80050,curitiba,PR
7b7ed56ae755e2880f2b69632e839c1e,74230,goiania,GO
4fae87d32467e18eb46e4a76a0a0b9ce,99670,ronda alta,RS
ea566164622c6b439516ab18062c42cd,5303,sao  paulo,SP
821fb029fc6e495ca4f08a35d51e53a5,2030,sao paulo,SP
d6ab728cf30867cf3f1a2e216ae2f9b7,3185,sao paulo,SP
1a932caad4f9d804097d7f8e615baed1,2976,sao paulo,SP
173d56ffbd4c56cb80fc3615487d712b,11370,sao vicente,SP
2be17df1c49978426251562096c3cc09,88704,tubarao,SC
f7c31656c19db6275a8acadca289f426,14940,ibitinga,SP
6025c79c035c3d772133b8b8238463b2,83327,pinhais/pr,PR
c6381d2d013342748761e906d45aff76,93180,portao,RS
c500367424994318b9e779ff1ae9a330,13145,paulinia,SP
19e0f40a907ec568c34bfac15de4f4a1,13478,americana,SP
ecccfa2bb93b34a3bf033cc5d1dcdc69,81810,curitiba,PR
c66dccfb3f109511246da627dd5a2498,11900,registro,SP
d921b68bf747894be13a97ae52b0f386,35570,formiga,MG
929f342384a6607afe143d789ade1316,86065,londrina,PR
e256a62e0ac58c0edfba09966142d561,81320,curitiba,PR
b5b800c4065bebf4d3442311c9857344,3561,sao paulo,SP
c8417879a15366a17c30af34c798c332,4445,sao paulo,SP
8dfbc5ff27df12f6cef751d3b9554222,80220,curitiba,PR
e732329483fd5f27367dd997b47f598a,89030,blumenau,SC
989becdce12ebc39863c2bceab6f3ca1,81730,curitiba,PR
9f56a7a649097b166d8ed286ad86a15c,21041,rio de janeiro,RJ
c4d51195486dc781531876a7d00453d8,19023,presidente prudente,SP
98115075dd26cb8835946fc6086f5d30,9687,ao bernardo do campo,SP
2305ab43e846518f58dd9d59f3f54e96,8452,sao paulo,SP
2528513dd95219a6013d4d05176e391a,6060,osasco,SP
64c9a1db4e73e19aaafd3286dc448c96,82510,curitiba,PR
44ed138eca6214d572ce1d813fb0049b,92010,canoas,RS
ce4755084bc097113867e6454f8f5e52,14090,ribeirao preto,SP
3e51f9cbe317bc3a88f2c76583811ee4,8032,sao paulo,SP
204b4e07bddef3c9b317f70189135b22,37564,borda da mata,MG
921323538c9f1c4e816f2720eac02bea,1319,sao paulo,SP
1464afc72f696af775557a821c2e253f,28630,nova friburgo,RJ
77a515caa36327151d1cc6c32a9f00e1,9912,diadema,SP
32fdd5d44ecb43dfd6a24b9369eca144,35557,carmo do cajuru,MG
4b0fdb526525f9890eb145bf1534640e,14940,ibitinga,SP
1cd9e0cc1839d55516843def5600816d,3951,sao paulo,SP
7fc87cc3e89b3d1d5cabdca32f8485aa,7123,guarulhos,SP
0c7f30ae9b147eca07affbef92832a6a,84020,ponta grossa,PR
e09887ca8c7bf8a4621ce481820414ef,8431,sao paulo,SP
318f287a62ab7ac10b703ac37435a231,4773,sao paulo,SP
52bb00821bcdd358a5a5a27e1f6be5a1,6268,osasco,SP
acb6c2ca5c82411c1fdb88d5fd5eb95e,3423,sao paulo,SP
26e2e5033827d2ba53929f43e03d8ffe,2611,sao paulo,SP
55dedd83e501d8248880557d9073cbfd,22061,rio de janeiro,RJ
5b179e9e8cc7ab6fd113a46ca584da81,5424,sao paulo,SP
ffdd9f82b9a447f6f8d4b91554cc7dd3,80030,curitiba,PR
4eeb99008a0f59d2c7759c59f9a346eb,6807,embu das artes,SP
f3511c85f59f8dec53d140501ee8e7a8,80045,curitiba,PR
60da8bfa7eebe230b7d66ac4082d79b3,15940,fernando prestes,SP
2c538755f1ca9540af144f266e70df6c,39801,castro pires,MG
cb41bfbcbda0aea354a834ab222f9a59,3520,sao paulo,SP
2379bdc3888025689a9deb7b141507d5,13806,mogi mirim,SP
5ee7fd217d08dfe5d3e2f51f96a12c9a,13880,vargem grande do sul,SP
a414555ce331b8c8aea4a9cb8395194d,3638,sao paulo,SP
92992bec39dde5766f590d3b1f46d465,4310,sao paulo,SP
834f8533b2ecb6598dd004ff3de7203a,5181,sao paulo,SP
b5f49fe968dff6b112861e6cd8e192ef,80710,curitiba,PR
b26741d31a563d769b4af0465ab20c56,88061,florianopolis,SC
f7315bb81aea4ddca2d39e249a801c98,7082,guarulhos,SP
8e2b3afb420011ef0c88c9d5f11ea526,13060,campinas,SP
8fff28c4263ddec387f28d237fb42773,5594,sao paulo,SP
0ddefe3c7a032b91f4e25b9c3a08fca1,9721,sao bernardo do campo,SP
730937bf88cb151eb2eb849f642fc213,13500,rio claro,SP
cc3d14116804f7209f3884f6367f1152,82940,curitiba,PR
5dc203c7b84a0e71e878a179de05fb9a,17580,pompeia,SP
440dd6ab244315c632130ecfb63827b1,15502,votuporanga,SP
66fd84ee7528c0c0de85d0f44a73d5ab,98975,campina das missoes,RS
fec6912baad85d41729669edd6b4d3b8,14110,ribeirao preto,SP
666658b8da8370f30e1f89893b1de5e6,3658,sao paulo,SP
f3c38ab652836d21de61fb8314b69182,1206,sao paulo,SP
90b57083da5d803237da74daec6dcb2b,80730,curitiba,PR
45d33f715e24d15a6ccf5c17b3a23e3c,18015,sorocaba,SP
1bb3812d5f0747a3ab7348f199001a10,4708,sao paulo,SP
c33a5c3c983090c8b78a28e65052a20d,88802,criciuma,SC
003554e2dce176b5555353e4f3555ac8,74565,goiania,GO
16090f2ca825584b5a147ab24aa30c86,12940,atibaia,SP
5659d77e8d90378e39b960ad5956f64e,12062,taubate,SP
b561927807645834b59ef0d16ba55a24,2955,sao paulo,SP
28d162ab86bb49d719c32f0ee6186eaa,14079,ribeirao preto,SP
e06f09ec0a4aca210779cf1cfc63cf19,4773,sao paulo,SP
8c9348f33ae3dada25c99c99ade2af78,6340,carapicuiba,SP
da6a60cc8cc724fe51be021ff8be779c,28941,sao pedro da aldeia,RJ
461ff5303b6c9c1a4a07f40c5aece516,83323,pinhais,PR
e82de6494d91d3c4c54450f59b227a94,14940,ibitinga,SP
213b25e6f54661939f11710a6fddb871,13321,salto,SP
78c99c6dff4eeae5be99bf635ed21e3f,17510,marilia,SP
a36ac007a4d18f865c8d32c3b2402c2d,6455,barueri,SP
a2e85714b56b1cb6bb24a9a6e6cad36f,14530,miguelopolis,SP
6b333a05bf188ef3e1f1662a86bd9855,72304,brasilia,DF
56642bcb79900e777d68e91915cb4267,3701,sao paulo,SP
41b86b552e54e3a7009596125aa8b167,2470,sao paulo,SP
1d0997ff06b524ce9289ffd75114ecd3,52020,recife,PE
73b8eb4a9a729d4019b24ed1be748cbf,13070,campinas,SP
a69aa24cec11168e7e39a3fbc727e925,6330,carapicuiba,SP
8ea394aed8138685abe1eb9f25e1021d,18053,sorocaba,SP
8a130737016f838139d31878787a39c9,3187,sao paulo,SP
f682e0f848abafc6f41e0d4e868c66ef,7600,mairipora,SP
11742f81550ac064cc9a40f67151d9ad,15810,catanduva,SP
8a40ae794fa3f9892cee24bd5af0488b,82620,curitiba,PR
0936e1837d0c79253456bbb2ffaaef10,2050,sao paulo,SP
850f4f8af5ea87287ac68de36e29107f,4367,sao paulo,SP
4dc2e811a1760953cb7c6a590b498943,17230,itapui,SP
343e716476e3748b069f980efbaa294e,13033,campinas,SP
e9729944ba65dc3ce425e0c5a22ae7b2,25730,petropolis,RJ
e0eabded302882513ced4ea3eb0c7059,13023,campinas,SP
643214e62b870443ccbe55ab29a4dccf,2134,sao paulo,SP
0aa124728afc1131dff5655f4c6f487b,37135,alfenas,MG
ce27a3cc3c8cc1ea79d11e561e9bebb6,3006,sao paulo,SP
da4d149c0ddbac90557103ac0a0ec356,9861,sbc,SP
0241d4d5d36f10f80c644447315af0bd,80330,curitiba,PR
272f092de69afedd4d2969440b37f18f,3265,sao paulo,SP
d1aa1ec0839dcab73a6161130eb1f94a,80220,curitiba,PR
8e8a7ce9f2f970dc00e2acf6f6e199f6,24710,sao goncalo,RJ
d7827b2af99326a03b0ed9c7a24db0d3,86076,londrina,SP
3935fe5fe0f82787a9dcb8deb62be09d,4905,sao paulo,SP
119d1aef1b4144adba89163f6cd9f5d4,13920,pedreira,SP
9a1aea68d3efa00862ec88c0768037d0,15806,catanduva,SP
a9b533a26e898b12e8b8d4c07279bf4d,21545,rio de janeiro,RJ
5b51032eddd242adc84c38acab88f23d,37564,borda da mata,MG
8cc6a0e5738e61a87b03c78b2ba9db4b,37795,andradas,MG
c53bcd3be457a342a97e39e5a9f0be22,49980,neopolis,SE
f4db9b37944bcb8873e6b456ee190bbf,8599,itaquaquecetuba,SP
729b2d09b2a0bdab221076327f13d050,17320,mineiros do tiete,SP
18e694e0e48ed6f7aa3f24aade5fd697,13224,varzea paulista,SP
30a81d8cf85fb2ada1b1b094c9583a95,3563,sao paulo,SP
6561d6bf844e464b4019442692b40e02,7859,franco da rocha,SP
e64d65bc8dbec2accda90c58de5d1246,13500,rio claro,SP
3903c788ded8dc03b5ebab37a2f3e9a1,6332,carapicuiba,SP
63191ead8d3b2f937cd1996fdcbbad20,13212,jundiai,SP
67bf6941ba2f1fa1d02c375766bc3e53,82400,curitiba,PR
897060da8b9a21f655304d50fd935913,14092,ribeirao preto,SP
76c47a299e4a8fe992316a85865acbe9,14075,ribeirao preto,SP
d1b9d4be4b6f9ebd85f8acd6745ba612,34006,nova lima,MG
3ea08c48e851106d2f584349daba335f,36201,barbacena,MG
389e45560e33d2d0747f949dcddbc08e,12238,sao jose dos campos,SP
b81e3a6c866a764974fe849821abeebd,9360,maua,SP
40536e7ca18e1bce252828e5876466cc,7747,caieiras,SP
b494891378bd8f4560abe576c52deacd,4160,sao paulo,SP
09f952a5f58d2285b0372551ae8f9b01,9725,sao bernardo do campo,SP
14d7985702e72162bbf13b6beb74ab2b,9131,santo andre,SP
2c4c47cb51acd5ea5db5e0ae0e26542a,15290,buritama,SP
b416191c9813d821a295cfabafff4161,14407,franca,SP
9616352088dcf83a7c06637f4ebf1c80,87504,umuarama,PR
557f22c76691849db52d2abccf0015d0,75650,morrinhos,GO
968ee78631915a63fef426d6733d7422,99700,erechim,RS
533d46c1b06970e99f09523a61df4972,18200,itapetininga,SP
1dd33b8119b3cb1056ed5dc88cd0aaf4,4710,sao paulo,SP
ac137bac82ffa8548e62bd9d01d2a14f,3631,sao paulo,SP
2dcf93836ae3ce0d7c93e2f10876467a,12240,sao jose dos campos,SP
51702dc2a3e106c76dbff722b5bf0726,13835,conchal,SP
97512d3fc193b2d1dfcdba0f9d1f0f8a,8270,sao paulo,SP
f3975e8a41157005d4bcbb358678cd9b,89870,pinhalzinho,SC
76d336555bb25f3165d2f0d6da719c40,18015,sorocaba,SP
f08a5b9dd6767129688d001acafc21e5,90230,porto alegre,RS
ae45df84722b1d15c5f32b23a095746c,3062,sao paulo,SP
d197aa8fbc64087f61984deef05f6227,12224,sao jose dos campos,SP
afa6714acee029b2dfdf357e5579cc03,13690,descalvado,SP
520b493b57809f446cb0a233bb3e25c7,11075,santos,SP
9b1ab052f5fca308ba743ac789ebb2e1,85200,pitanga,PR
bab0a8cd684e41ba6e2637dca0979d3b,22793,rio de janeiro,RJ
b83cedfb587e7911540e3f576d6917ce,4870,sao paulo,SP
0ef83d7d83ed97cd2a0049ac8be5f88a,80230,curitiba,PR
d13e50eaa47b4cbe9eb81465865d8cfc,9210,santo andre,SP
37303482a42fb700d8d127e70a9cd6c8,13070,campinas,SP
b2bdc5e7940a7d7ca8c4a37953b27a42,13880,vargem grande do sul,SP
5c6d4016c2a288f074fa0848a2b653d2,1209,sao paulo,SP
88cd3681e0a2ba85e190f7d817629c4c,88354,brusque,SC
da8622b14eb17ae2831f4ac5b9dab84a,13405,piracicaba,SP
fe26f3ecb51a15e6d8335cd92da42562,4365,sao paulo,SP
5151aea44289d6c6b090ee31c2132508,17515,marilia,SP
9c351405b754cc5ce3e2ecf277bb034a,3134,sao paulo,SP
13511db12ac61e2f89c53b72a944a60b,95020,caxias do sul,RS
4b90495391ac0bd181a80a459df1e718,96400,bage,RS
b37c4c02bda3161a7546a4e6d222d5b2,3667,sao paulo,SP
5f1dc28029d2c244352a68107ec2b542,5126,sao paulo,SP
710e3548e02bc1d2831dfc4f1b5b14d4,86600,rolandia,PR
485452467ff670447e84a8370c3fc898,89190,taio,SC
4d8809767a5bafe22909c77951fb6b41,6803,embu das artes,SP
3ab971ce71839580d2ae5b4e40fe8044,3210,sao paulo,SP
9d4db00d65d7760644ac0c14edb5fd86,18025,sorocaba,SP
1dcfa3835714681d4ba4a93bc1e0fd41,16200,birigui,SP
6da1992f915d77be95d7fa48b36904af,1026,sao paulo,SP
d4f117125b59ce73c3302f88ee40c458,4058,sao paulo,SP
1de62b6f2fd96227629786db492433db,16021,sp,SP
30a2f535bb48308f991d0b9ad4a8c4bb,13457,santa barbara d'oeste,SP
a36b125ac6d5fdbc7f50de85c9157bdc,14020,ribeirao preto,SP
1336efc61c316ddf92c899eb817f7cae,19800,assis,SP
620c87c171fb2a6dd6e8bb4dec959fc6,25645,petropolis,RJ
ab91571efab27993ff2f6b36e38055c3,4319,sao paulo,SP
63a79f5a7eb5cb48a7e5787b141c7993,38701,patos de minas,MG
070d165398b553f3b4b851c216b8a358,3916,sao paulo,SP
b64d51f0435e884e8de603b1655155ae,7077,garulhos,SP
9fc70243fb26800cba56e8f014797004,30270,belo horizonte,MG
1cbcd2ee0afb3fc09963b87eb65e7e4f,82640,curitiba,PR
344223b2a90784f64136a8a5da012e7f,89117,gaspar,SC
4c8b8048e33af2bf94f2eb547746a916,14940,ibitinga,SP
7a704e63bb29c446869efde5d57524c8,85601,francisco beltrao,PR
88460e8ebdecbfecb5f9601833981930,87030,maringa,PR
7d76b645482be4a332374e8223836592,1511,sao paulo,SP
296729ffb9b684050dd24836dac4494a,80240,curitiba,SP
5f06030071324cc52bf0304014ac7234,17514,marilia,SP
c542f5a8c64d973f30e9df8d06f70b4a,2013,sao paulo,SP
d36b07fd3c5088e477a72d1fccfe29d4,18200,itapetininga,SP
46ef1a25845fc051c2998d878354810c,35530,claudio,MG
a61cc04793308395a840807104365121,13240,jarinu,SP
cac4c8e7b1ca6252d8f20b2fc1a2e4af,13347,indaiatuba,SP
cc63f0dd2acba93ffed4fe9f8e0321fa,15025,sao jose do rio preto,SP
b29d3380981c51df13fc6fbe87e1763d,14057,ribeirao preto,SP
a53f60f05f822b5c621a50ff6a5cb362,38402,uberlandia,MG
dbec9a0a7efeff029d4d9dce7dc4cc95,31920,belo horizonte,MG
8de8fe3af4449ed695d2434c933ed73e,1215,sao paulo,SP
aa762680c40618316a896838866140ea,82510,curitiba,PR
577719699805dd125d5b6fdde5943bba,95150,nova petropolis,RS
13dd308f81fea30cc670c656b2b46cc3,13454,santa barbara d'oeste,SP
01fd077212124329bac32490e8ef80d9,14079,ribeirao preto / sao paulo,SP
7a188843479798ca813108fa7b959286,4276,sao paulo,SP
cb32766839f443db85c82a43c4a6c19e,13506,rio claro,SP
7aa538dd6e114e503a2e6154ea352253,15807,catanduva,SP
e0a3c37054ade6478d923a6efc10f308,88340,camboriu,SC
0d4c8269e7f0401201794deef160edd6,14076,ribeirao preto,SP
3d68c634a99a1ba46dbca3967a69c623,88270,nova trento,SC
8fbe2ee446b97e128471be4ce983dc0d,18103,sorocaba,SP
e0b162a693bc7f9eab00f783a31d60ea,96020,pelotas,RS
1f867308a0ce13133a4e639ff4de0c02,82510,curitiba,PR
06a2c3af7b3aee5d69171b0e14f0ee87,65072,sao luis,MA
2e90cb1677d35cfe24eef47d441b7c87,2285,sao paulo,SP
9315e491484b1b0081ca166fc164108d,86039,londrina,PR
adbc26658d6c7b4b6219f9d934598091,81770,curitiba,PR
0ffa40d54288e4f3499b8780dd0f144f,19013,presidente prudente,SP
d05ae8f7a5bd1d2a690a44cd079e4e27,22775,rio de janeiro,RJ
508808d438fe2ff972ed13bb8f4a82e2,3963,sao paulo,SP
28fb0829fd777877cdc350d25cb5bd5b,15051,sao jose do rio pret,SP
c794dab4928dd97beb41d05514441e86,13160,artur nogueira,SP
1976a05ecf2996d6ffb7b5430e635fe7,19806,assis,SP
c70a353f02429c00775a46a75fb787da,8275,sao paulo,SP
39d61be7a92eb77b7da367bd4845bc0e,13420,sao paulo,SP
c510bc1718f0f2961eaa42a23330681a,13330,indaiatuba,SP
8cf21434553b02cbd37c0bbd07e041b0,88102,sao jose,SC
edd066cd02126d7800f9b66e980e9931,70070,brasilia,DF
cf281cf8b7affbdfe751b29cc85580e1,61760,eusebio,CE
392353362d22cc2c236e1ee81ff19890,89069,blumenau,SC
1f7fd2a6fcd5a6fa5d8a4dabc72aaae0,95800,venancio aires,RS
c878515173c84a492ebe50d6b493230b,85880,itaipulandia,PR
77714512e8d4dda9c234da8e3faf16e4,7056,guarulhos,SP
0eaa7e33d73809f1f925f7d07c506cbd,9111,santo andre,SP
bcf5566870987da7bc811fbc8c5b9fd9,3378,sao paulo,SP
3d01d1c414c44b5943a09619ff3853cb,13040,campinas,SP
2e1c9f22be269ef4643f826c9e650a52,4850,sao paulo,SP
00fc707aaaad2d31347cf883cd2dfe10,87025,maringa,PR
52f6f9f13ba19504c02781132a049e75,80540,curitiba,PR
83c8aafbefb034674a70de0eac5b8954,85601,francisco beltrao,PR
58e4b302b54937e55a678c4d15111da4,83402,colombo,PR
d1c281d3ae149232351cd8c8cc885f0d,14940,ibitinga,SP
33c51922b6e3c16b24a8f28e5833c99d,86010,londrina,PR
f80edd2c5aaa505cc4b0a3b219abf4b8,3431,sao paulo,SP
0761743cbffb25d7148189e9f1a5f03a,14096,ribeirao preto,SP
0b46f784306be7200ca1700aa55d819f,31210,belo horizonte,MG
7a9c12e235c36247c3c81f50d6ea9cea,9541,sao caetano do sul,SP
8629c241b3622ac12cd4118afdc8d394,14090,ribeirao preto,SP
3ade81dab5a172b88e1871c28ae05260,15076,sao jose do rio preto,SP
562fc2f2c2863ab7e79a9e4388a58a14,13070,campinas,SP
7dc8c42cc750eeafea6c85712ffee9bf,5424,sao paulo,SP
247587846358bb1d2e4c6522020b36fe,15093,sao jose do rio preto,SP
a35ef466c6fd6d052f5d241240d3c5e2,93347,novo hamburgo,RS
651530bf5c607240ccdd89a30c9c9712,44600,ipira,BA
f1c1ac3f3efc07e659c035008e615e66,2119,sao paulo,SP
df0f42bc4c2142eacf0eaf2cffd0cfbb,88306,itajai,SC
40db9e9aa57f7bb151bcda6b0f9bdbb7,52010,recife,PE
68ca56ce86830f3d31b1b7ec6a54da3e,83280,guaratuba,PR
960945e1a9535cbc0cd6ddd35fbe7ae8,8290,sao paulo,SP
c00396cbdd2e088fe4281baa5920aef1,83535,campo magro,PR
8d92f3ea807b89465643c219455e7369,3052,sao paulo,SP
c52c644cc0dc85121207a27013efc6af,36325,tiradentes,MG
7e26c750b4cb9f6766f58265ff9ebe95,30270,belo horizonte,MG
5a8e7d5003a1f221f9e1d6e411de7c23,13076,campinas,SP
6d1b9c9579132c87d2703ec38c30f2c5,82515,curitiba,PR
20f0aeea30bc3b8c4420be8ced4226c0,13456,santa barbara d'oeste,SP
575df70bde3f9f2b30bf8d2e9910d725,15075,sao jose do rio preto,SP
5d3bb11474a06bdc23fb9e89f1164ee0,19804,assis,SP
c35affa65afd250151285c5917fc1c8a,8050,sao paluo,SP
e59e489e2ea74bd409b798b5daf49de3,87060,maringa,PR
7d948535954aaf8c5d39db007f74372e,11442,guaruja,SP
c7b7db6c8f3c64a7cc1afa634db21d50,4367,sao paulo,SP
1352e06ae67b410cdae0b2a22361167b,26051,rio de janeiro,RJ
3bb548e3cb7f70f28e3f11ee9dce0e59,87040,maringa,PR
ee2fbacc2fc3794e656cc4d933d59ce7,5061,sao paulo,SP
522620dcb18a6b31cd7bdf73665113a9,85801,cascavel,PR
d32e3909cfb714fb2a6cb092c85b9c5f,13215,jundiai,SP
e5c84227854980f1db19a58958c551d9,83823,fazenda rio grande,PR
ce7d1888639e6fb06b2749cbfdac1ff7,37443,baependi,MG
693660429f9dc4ff704eb3d88dad54d7,9170,santo andre,SP
2cb4700db635baa1c0d4f90ed27b6669,81070,curitiba,PR
a4b6b9b992b46e9ef863637af96e04bc,88090,florianopolis,SC
